{"cameraMode":{"drawMode":0,"name":"Shaded","section":"Shading Mode"},"sceneLighting":true,"audioPlay":false,"sceneViewState":{"showFog":true,"showMaterialUpdate":false,"showSkybox":true,"showFlares":true,"showImageEffects":true,"showParticleSystems":true},"in2DMode":false,"pivot":{"x":-5.179128646850586,"y":-13.41043758392334,"z":15.32037353515625},"rotation":{"x":0.2128504514694214,"y":-0.008793330751359463,"z":0.0019155777990818024,"w":0.9770447015762329},"size":31.206144332885743,"orthographic":false}